,Player,Nation,Pos,Squad,Comp,Age,Born,MP,MP,MP,MP,Starts,Min,90s,W,D,L,CS,CS%,GA,GA90,SoTA,Saves,Save%,PSxG,PSxG+/-,PSxG/SoT,PKA,PKsv,PKm,Cmp%,Att (GK),Thr,Launch%,AvgLen,Stp,Stp%,AvgDist
32,Adrián,es ESP,GK,Betis,es La Liga,38-029,1987.0,2,2,2,2,2,180,2.0,1.0,0.0,1.0,1.0,50.0,3.0,1.5,8.0,5.0,75.0,2.4,-0.6,0.2,1.0,0.0,0.0,43.5,60.0,7.0,35.0,33.1,3.0,8.3,11.9
41,Julen Agirrezabala,es ESP,GK,Athletic Club,es La Liga,24-037,2000.0,14,14,14,14,14,1206,13.4,9.0,4.0,1.0,5.0,35.7,9.0,0.67,34.0,24.0,76.5,10.5,1.5,0.27,1.0,1.0,0.0,32.0,341.0,51.0,37.5,33.9,20.0,14.0,14.2
78,Alisson,br BRA,GK,Liverpool,eng Premier League,32-122,1992.0,14,14,14,14,14,1248,13.9,10.0,3.0,1.0,5.0,35.7,12.0,0.87,42.0,30.0,71.4,12.1,0.1,0.29,0.0,0.0,0.0,35.9,386.0,53.0,18.9,25.0,4.0,3.4,15.8
131,Alphonse Areola,fr FRA,GK,West Ham,eng Premier League,31-340,1993.0,12,12,12,12,11,1000,11.1,2.0,3.0,6.0,2.0,18.2,24.0,2.16,58.0,36.0,58.6,16.9,-5.1,0.29,0.0,0.0,0.0,43.8,344.0,48.0,32.0,30.8,9.0,5.5,14.1
144,Kepa Arrizabalaga,es ESP,GK,Bournemouth,eng Premier League,30-121,1994.0,16,16,16,16,16,1440,16.0,9.0,3.0,4.0,5.0,31.3,19.0,1.19,76.0,57.0,76.3,21.9,2.9,0.28,1.0,0.0,0.0,40.6,391.0,59.0,34.8,33.7,11.0,5.3,15.1
156,Noah Atubolu,de GER,GK,Freiburg,de Bundesliga,22-252,2002.0,16,16,16,16,16,1440,16.0,7.0,3.0,6.0,4.0,25.0,29.0,1.81,81.0,51.0,64.2,26.6,-2.4,0.33,0.0,1.0,0.0,37.3,671.0,81.0,30.1,32.1,18.0,7.8,12.7
157,Emil Audero,it ITA,GK,Como,it Serie A,28-014,1997.0,8,8,8,8,8,720,8.0,2.0,2.0,4.0,0.0,0.0,18.0,2.25,34.0,16.0,58.8,12.4,-5.6,0.27,4.0,0.0,0.0,30.9,232.0,30.0,22.0,28.6,5.0,5.3,12.9
161,Brandon Austin,eng ENG,GK,Tottenham,eng Premier League,26-024,1999.0,1,1,1,1,1,90,1.0,0.0,0.0,1.0,0.0,0.0,2.0,2.0,4.0,2.0,50.0,2.2,0.2,0.55,0.0,0.0,0.0,27.3,26.0,5.0,38.5,32.3,5.0,33.3,12.4
233,Augusto Batalla,ar ARG,GK,Rayo Vallecano,es La Liga,28-277,1996.0,17,17,17,17,17,1530,17.0,6.0,7.0,4.0,4.0,23.5,18.0,1.06,71.0,53.0,76.1,17.4,0.4,0.23,1.0,1.0,0.0,30.2,476.0,58.0,45.4,39.6,18.0,7.1,12.1
236,Oliver Baumann,de GER,GK,Hoffenheim,de Bundesliga,34-244,1990.0,18,18,18,18,18,1620,18.0,4.0,5.0,9.0,2.0,11.1,35.0,1.94,91.0,55.0,63.7,37.6,3.6,0.39,2.0,2.0,0.0,35.2,617.0,90.0,34.4,33.8,9.0,3.4,14.8
284,Dimitry Bertaud,cd COD,GK,Montpellier,fr Ligue 1,26-240,1998.0,3,3,3,3,3,270,3.0,1.0,0.0,2.0,0.0,0.0,8.0,2.67,16.0,8.0,56.3,6.3,-1.7,0.36,1.0,0.0,0.0,42.9,66.0,14.0,42.4,36.5,8.0,18.6,12.8
299,Marco Bizot,nl NED,GK,Brest,fr Ligue 1,33-328,1991.0,18,18,18,18,18,1620,18.0,8.0,1.0,9.0,4.0,22.2,30.0,1.67,75.0,45.0,66.7,26.0,-3.0,0.28,5.0,1.0,1.0,40.6,489.0,65.0,48.1,38.3,17.0,6.8,13.6
370,Jean Butez,fr FRA,GK,Como,it Serie A,29-238,1995.0,4,4,4,4,4,360,4.0,1.0,1.0,2.0,0.0,0.0,6.0,1.5,15.0,9.0,60.0,4.6,-1.4,0.32,0.0,0.0,0.0,46.0,159.0,26.0,28.9,31.4,5.0,11.6,13.9
371,Marcin Bułka,pl POL,GK,Nice,fr Ligue 1,25-120,1999.0,19,19,19,19,19,1710,19.0,9.0,6.0,4.0,4.0,21.1,25.0,1.32,99.0,75.0,76.8,26.6,2.6,0.26,2.0,0.0,0.0,37.8,564.0,98.0,23.6,28.7,21.0,7.5,11.2
409,Elia Caprile,it ITA,GK,Cagliari,it Serie A,23-160,2001.0,3,3,3,3,3,270,3.0,1.0,1.0,1.0,0.0,0.0,4.0,1.33,19.0,15.0,78.9,5.1,1.1,0.28,0.0,0.0,0.0,39.3,86.0,18.0,44.2,37.3,3.0,6.4,15.0
410,Elia Caprile,it ITA,GK,Napoli,it Serie A,23-160,2001.0,4,4,4,4,3,325,3.6,3.0,0.0,0.0,3.0,100.0,1.0,0.28,8.0,7.0,87.5,2.2,1.2,0.27,0.0,0.0,0.0,44.0,82.0,9.0,25.6,31.7,3.0,9.7,13.7
418,Cárdenas,es ESP,GK,Rayo Vallecano,es La Liga,27-310,1997.0,5,5,5,5,5,450,5.0,2.0,1.0,2.0,1.0,20.0,6.0,1.2,19.0,13.0,68.4,5.6,-0.4,0.31,0.0,0.0,0.0,27.4,100.0,15.0,57.0,44.8,1.0,1.4,10.5
423,Patrik Carlgren,se SWE,GK,Nantes,fr Ligue 1,33-024,1992.0,3,3,3,3,3,270,3.0,1.0,1.0,1.0,1.0,33.3,5.0,1.67,21.0,16.0,76.2,6.1,1.1,0.29,0.0,0.0,0.0,37.8,69.0,21.0,27.5,30.5,1.0,1.9,12.8
426,Marco Carnesecchi,it ITA,GK,Atalanta,it Serie A,24-215,2000.0,21,21,21,21,21,1890,21.0,13.0,4.0,4.0,6.0,28.6,25.0,1.19,84.0,61.0,71.4,24.0,1.0,0.3,1.0,0.0,0.0,28.3,555.0,91.0,29.5,33.0,15.0,8.7,14.7
474,Lucas Chevalier,fr FRA,GK,Lille,fr Ligue 1,23-087,2001.0,19,19,19,19,19,1710,19.0,8.0,8.0,3.0,7.0,36.8,19.0,1.0,72.0,53.0,76.4,22.5,3.5,0.29,2.0,0.0,0.0,40.7,531.0,67.0,29.4,30.5,12.0,5.8,13.7
477,Leandro Chichizola,ar ARG,GK,Parma,it Serie A,34-311,1990.0,1,1,1,1,1,90,1.0,0.0,0.0,1.0,0.0,0.0,3.0,3.0,6.0,3.0,50.0,2.5,-0.5,0.43,0.0,0.0,0.0,18.8,41.0,5.0,31.7,33.9,2.0,9.5,16.3
488,Jasper Cillessen,nl NED,GK,Las Palmas,es La Liga,35-285,1989.0,19,19,19,19,19,1679,18.7,6.0,5.0,8.0,3.0,15.8,29.0,1.55,93.0,65.0,73.1,30.8,3.8,0.29,4.0,1.0,1.0,28.4,611.0,100.0,35.2,32.6,8.0,2.7,13.8
516,Diego Conde,es ESP,GK,Villarreal,es La Liga,26-096,1998.0,15,15,15,15,15,1332,14.8,7.0,5.0,3.0,1.0,6.7,25.0,1.69,66.0,42.0,66.7,18.3,-5.7,0.24,3.0,0.0,1.0,37.1,374.0,61.0,25.7,29.8,14.0,6.2,11.2
537,Grégoire Coudert,fr FRA,GK,Brest,fr Ligue 1,25-304,1999.0,1,1,1,1,1,90,1.0,1.0,0.0,0.0,0.0,0.0,1.0,1.0,7.0,6.0,85.7,0.9,-0.1,0.13,0.0,0.0,0.0,25.0,34.0,3.0,26.5,31.1,1.0,4.5,11.7
545,Thibaut Courtois,be BEL,GK,Real Madrid,es La Liga,32-266,1992.0,18,18,18,18,18,1620,18.0,13.0,4.0,1.0,7.0,38.9,16.0,0.89,52.0,37.0,69.2,15.3,0.3,0.31,0.0,0.0,0.0,27.1,563.0,95.0,14.0,26.3,10.0,5.3,11.2
565,Finn Dahmen,de GER,GK,Augsburg,de Bundesliga,26-311,1998.0,4,4,4,4,4,360,4.0,3.0,0.0,1.0,2.0,50.0,2.0,0.5,15.0,13.0,86.7,3.7,1.7,0.28,0.0,0.0,0.0,25.3,118.0,10.0,39.0,34.1,1.0,1.1,15.0
599,Théo De Percin,mq MTQ,GK,Auxerre,fr Ligue 1,23-365,2001.0,2,2,2,2,2,180,2.0,0.0,1.0,1.0,1.0,50.0,3.0,1.5,9.0,5.0,77.8,3.5,0.5,0.22,1.0,1.0,0.0,25.8,46.0,5.0,45.7,40.3,3.0,7.9,13.1
615,Arthur Desmas,fr FRA,GK,Le Havre,fr Ligue 1,30-300,1994.0,17,17,17,17,17,1530,17.0,4.0,0.0,13.0,3.0,17.6,36.0,2.12,91.0,54.0,62.6,37.4,1.4,0.4,2.0,1.0,0.0,36.2,383.0,68.0,29.8,31.4,12.0,4.6,11.9
618,Michele Di Gregorio,it ITA,GK,Juventus,it Serie A,27-189,1997.0,17,17,17,17,17,1530,17.0,6.0,10.0,1.0,8.0,47.1,16.0,0.94,45.0,29.0,73.3,13.0,-3.0,0.21,4.0,0.0,0.0,35.6,428.0,59.0,26.6,30.5,19.0,8.3,10.8
646,Stole Dimitrievski,mk MKD,GK,Valencia,es La Liga,31-038,1993.0,4,4,4,4,4,360,4.0,0.0,2.0,2.0,0.0,0.0,6.0,1.5,12.0,6.0,58.3,4.5,-1.5,0.29,1.0,0.0,1.0,20.8,113.0,25.0,49.6,40.5,3.0,5.9,25.7
654,Yehvann Diouf,fr FRA,GK,Reims,fr Ligue 1,25-077,1999.0,19,19,19,19,19,1710,19.0,5.0,7.0,7.0,3.0,15.8,27.0,1.42,97.0,69.0,74.2,32.8,5.8,0.32,2.0,1.0,0.0,33.6,598.0,75.0,34.4,33.2,13.0,4.9,13.6
661,Marko Dmitrović,rs SRB,GK,Leganés,es La Liga,33-008,1992.0,16,16,16,16,16,1440,16.0,4.0,6.0,6.0,6.0,37.5,23.0,1.44,78.0,56.0,75.6,26.5,4.5,0.3,4.0,0.0,1.0,26.1,398.0,49.0,64.8,47.5,23.0,7.1,14.1
668,Álex Domínguez,es ESP,GK,Toulouse,fr Ligue 1,26-186,1998.0,1,1,1,1,0,19,0.2,0.0,0.0,0.0,1.0,,0.0,0.0,0.0,0.0,,0.0,0.0,,0.0,0.0,0.0,40.0,8.0,1.0,25.0,30.0,0.0,0.0,
674,Gianluigi Donnarumma,it ITA,GK,Paris S-G,fr Ligue 1,25-342,1999.0,15,15,15,15,15,1281,14.2,11.0,4.0,0.0,3.0,20.0,13.0,0.91,46.0,33.0,73.9,13.0,0.0,0.27,1.0,0.0,0.0,34.4,345.0,66.0,13.3,24.8,6.0,4.8,13.8
694,Patrick Drewes,de GER,GK,Bochum,de Bundesliga,31-363,1993.0,19,19,19,19,19,1710,19.0,2.0,4.0,13.0,2.0,10.5,43.0,2.26,92.0,47.0,55.4,38.7,-4.3,0.38,2.0,2.0,0.0,44.6,629.0,57.0,51.5,38.0,9.0,3.4,16.4
697,Martin Dúbravka,sk SVK,GK,Newcastle Utd,eng Premier League,36-017,1989.0,8,8,8,8,8,720,8.0,7.0,0.0,1.0,5.0,62.5,6.0,0.75,30.0,24.0,80.0,8.6,2.6,0.29,0.0,0.0,0.0,22.2,215.0,35.0,17.7,25.6,7.0,7.3,15.4
713,Ederson,br BRA,GK,Manchester City,eng Premier League,31-168,1993.0,15,15,15,15,15,1350,15.0,9.0,2.0,4.0,3.0,20.0,20.0,1.33,54.0,35.0,66.7,21.5,2.5,0.38,2.0,0.0,0.0,44.7,516.0,54.0,19.8,28.2,9.0,7.6,17.4
764,Łukasz Fabiański,pl POL,GK,West Ham,eng Premier League,39-289,1985.0,13,13,13,13,12,1070,11.9,5.0,3.0,4.0,2.0,16.7,20.0,1.68,67.0,47.0,74.6,22.3,2.3,0.3,3.0,0.0,0.0,33.7,359.0,52.0,41.5,35.4,7.0,3.5,13.7
769,Wladimiro Falcone,it ITA,GK,Lecce,it Serie A,29-295,1995.0,23,23,23,23,23,2070,23.0,6.0,5.0,12.0,5.0,21.7,41.0,1.78,115.0,74.0,68.7,35.6,-4.4,0.27,5.0,1.0,0.0,34.6,592.0,73.0,49.8,37.7,15.0,4.3,10.9
786,Álvaro Fernández,es ESP,GK,Sevilla,es La Liga,26-294,1998.0,8,8,8,8,7,657,7.3,2.0,1.0,4.0,3.0,42.9,12.0,1.64,29.0,17.0,65.5,8.4,-3.6,0.22,2.0,0.0,0.0,26.8,254.0,24.0,42.1,35.1,5.0,5.2,17.5
794,Mark Flekken,nl NED,GK,Brentford,eng Premier League,31-233,1993.0,23,23,23,23,23,2015,22.4,9.0,4.0,10.0,2.0,8.7,40.0,1.79,142.0,103.0,72.5,38.4,-0.6,0.27,1.0,0.0,0.0,36.5,975.0,75.0,32.0,33.7,27.0,7.3,11.9
800,Yahia Fofana,ci CIV,GK,Angers,fr Ligue 1,24-164,2000.0,19,19,19,19,19,1710,19.0,6.0,4.0,9.0,4.0,21.1,28.0,1.47,103.0,75.0,74.8,35.4,7.4,0.33,2.0,0.0,0.0,35.1,429.0,107.0,38.0,35.1,26.0,9.1,10.5
809,Fraser Forster,eng ENG,GK,Tottenham,eng Premier League,36-321,1988.0,7,7,7,7,7,630,7.0,1.0,2.0,4.0,1.0,14.3,15.0,2.14,42.0,27.0,69.0,16.5,1.5,0.36,2.0,0.0,0.0,35.5,141.0,30.0,21.3,27.2,4.0,4.9,11.1
840,Gauthier Gallon,fr FRA,GK,Rennes,fr Ligue 1,31-284,1993.0,1,1,1,1,0,45,0.5,0.0,0.0,0.0,0.0,,0.0,0.0,0.0,0.0,,0.0,0.0,,0.0,0.0,0.0,0.0,15.0,2.0,13.3,23.8,0.0,0.0,28.0
848,Joan García,es ESP,GK,Espanyol,es La Liga,23-273,2001.0,21,21,21,21,21,1890,21.0,5.0,5.0,11.0,2.0,9.5,33.0,1.57,108.0,74.0,71.3,35.0,2.0,0.31,2.0,1.0,0.0,34.9,548.0,124.0,33.4,33.3,31.0,9.2,13.4
857,Paulo Gazzaniga,ar ARG,GK,Girona,es La Liga,33-030,1992.0,21,21,21,21,21,1845,20.5,8.0,4.0,9.0,6.0,28.6,27.0,1.32,71.0,41.0,62.0,21.4,-5.6,0.28,0.0,3.0,0.0,27.7,622.0,81.0,18.8,28.6,22.0,9.7,13.8
860,David de Gea,es ESP,GK,Fiorentina,it Serie A,34-086,1990.0,18,18,18,18,18,1620,18.0,10.0,3.0,5.0,6.0,33.3,19.0,1.06,69.0,48.0,73.9,18.4,-0.6,0.23,1.0,2.0,0.0,44.5,421.0,59.0,42.0,36.2,6.0,2.5,14.5
890,Pierluigi Gollini,it ITA,GK,Genoa,it Serie A,29-320,1995.0,7,7,7,7,7,630,7.0,1.0,2.0,4.0,1.0,14.3,15.0,2.14,32.0,16.0,62.5,12.2,-2.8,0.29,3.0,1.0,0.0,44.0,198.0,21.0,24.7,30.4,2.0,2.2,9.6
911,Mathieu Gorgelin,fr FRA,GK,Le Havre,fr Ligue 1,34-180,1990.0,2,2,2,2,2,180,2.0,0.0,1.0,1.0,0.0,0.0,2.0,1.0,10.0,8.0,80.0,2.9,0.9,0.29,0.0,0.0,0.0,44.4,55.0,13.0,27.3,29.3,3.0,7.0,6.1
918,Kamil Grabara,pl POL,GK,Wolfsburg,de Bundesliga,26-024,1999.0,19,19,19,19,19,1710,19.0,8.0,4.0,7.0,4.0,21.1,34.0,1.79,97.0,63.0,66.0,36.7,3.7,0.37,1.0,1.0,0.0,34.5,649.0,64.0,45.6,37.9,6.0,2.2,12.4
929,Dominik Greif,sk SVK,GK,Mallorca,es La Liga,27-301,1997.0,16,16,16,16,16,1440,16.0,7.0,2.0,7.0,4.0,25.0,19.0,1.19,55.0,36.0,69.1,14.7,-4.3,0.24,2.0,0.0,0.0,40.2,452.0,62.0,40.3,36.4,8.0,3.3,11.1
938,Vicente Guaita,es ESP,GK,Celta Vigo,es La Liga,38-022,1987.0,17,17,17,17,17,1530,17.0,5.0,4.0,8.0,4.0,23.5,24.0,1.41,62.0,38.0,62.9,18.9,-5.1,0.29,1.0,0.0,0.0,34.5,380.0,109.0,21.8,28.4,20.0,8.8,13.4
960,Péter Gulácsi,hu HUN,GK,RB Leipzig,de Bundesliga,34-271,1990.0,18,18,18,18,18,1575,17.5,8.0,5.0,5.0,8.0,44.4,28.0,1.6,86.0,57.0,68.6,29.0,1.0,0.33,1.0,1.0,0.0,36.4,413.0,73.0,18.6,27.9,11.0,4.5,14.7
1001,Dean Henderson,eng ENG,GK,Crystal Palace,eng Premier League,27-326,1997.0,23,23,23,23,23,2070,23.0,6.0,9.0,8.0,6.0,26.1,30.0,1.3,92.0,63.0,68.5,30.5,2.5,0.33,1.0,1.0,0.0,25.9,578.0,72.0,47.9,38.3,17.0,5.1,15.5
1008,Mads Hermansen,dk DEN,GK,Leicester City,eng Premier League,24-205,2000.0,16,16,16,16,16,1395,15.5,3.0,5.0,8.0,1.0,6.3,31.0,2.0,93.0,64.0,67.7,34.8,5.8,0.37,1.0,0.0,0.0,27.5,500.0,87.0,36.8,33.8,18.0,6.7,12.9
1017,Sergio Herrera,es ESP,GK,Osasuna,es La Liga,31-241,1993.0,21,21,21,21,21,1890,21.0,6.0,9.0,6.0,5.0,23.8,30.0,1.43,105.0,76.0,72.4,31.8,2.8,0.3,1.0,0.0,0.0,41.7,562.0,71.0,44.1,38.5,22.0,7.1,18.7
1040,Dinko Horkaš,hr CRO,GK,Las Palmas,es La Liga,25-328,1999.0,3,3,3,3,2,211,2.3,0.0,0.0,2.0,0.0,0.0,5.0,2.13,9.0,3.0,44.4,4.1,-0.9,0.39,0.0,1.0,0.0,36.8,85.0,9.0,16.5,26.8,0.0,0.0,23.8
1043,Lukáš Hrádecký,fi FIN,GK,Leverkusen,de Bundesliga,35-069,1989.0,17,17,17,17,17,1530,17.0,11.0,6.0,0.0,2.0,11.8,23.0,1.35,63.0,42.0,68.3,19.8,-1.2,0.28,3.0,0.0,0.0,38.6,438.0,65.0,29.0,30.3,9.0,4.6,14.2
1089,Karl Jakob Hein,ee EST,GK,Valladolid,es La Liga,22-294,2002.0,21,21,21,21,21,1890,21.0,4.0,3.0,14.0,5.0,23.8,42.0,2.0,105.0,64.0,61.9,37.6,-3.4,0.35,2.0,0.0,0.0,36.2,661.0,96.0,32.2,33.7,28.0,8.0,14.7
1095,Vitezslav Jaros,cz CZE,GK,Liverpool,eng Premier League,23-193,2001.0,1,1,1,1,0,12,0.1,0.0,0.0,0.0,1.0,,0.0,0.0,1.0,1.0,100.0,0.0,0.0,0.03,0.0,0.0,0.0,71.4,7.0,2.0,85.7,50.9,0.0,0.0,11.0
1118,Karl-Johan Johnsson,se SWE,GK,Strasbourg,fr Ligue 1,35-004,1990.0,3,3,3,3,3,270,3.0,1.0,1.0,1.0,0.0,0.0,6.0,2.0,22.0,16.0,77.3,6.7,0.7,0.26,1.0,0.0,0.0,27.3,122.0,21.0,15.6,23.9,2.0,4.2,11.1
1119,Sam Johnstone,eng ENG,GK,Wolves,eng Premier League,31-313,1993.0,7,7,7,7,7,630,7.0,0.0,1.0,6.0,0.0,0.0,17.0,2.43,39.0,23.0,61.5,13.0,-3.0,0.29,2.0,0.0,0.0,40.3,252.0,28.0,45.6,36.6,8.0,7.7,13.4
1125,Jesse Joronen,fi FIN,GK,Venezia,it Serie A,31-317,1993.0,7,7,7,7,7,630,7.0,1.0,1.0,5.0,2.0,28.6,12.0,1.71,35.0,25.0,74.3,10.1,0.1,0.22,3.0,0.0,0.0,23.6,234.0,45.0,26.5,30.5,6.0,5.2,10.0
1134,Luiz Lúcio Reis Júnior,br BRA,GK,Villarreal,es La Liga,24-018,2001.0,7,7,7,7,6,558,6.2,2.0,2.0,2.0,1.0,16.7,7.0,1.13,22.0,15.0,72.7,7.3,0.3,0.3,1.0,0.0,0.0,36.9,145.0,34.0,33.8,32.7,6.0,7.3,16.3
1141,Filip Jørgensen,dk DEN,GK,Chelsea,eng Premier League,22-291,2002.0,2,2,2,2,2,180,2.0,1.0,0.0,1.0,0.0,0.0,3.0,1.5,10.0,7.0,80.0,4.3,1.3,0.34,1.0,0.0,0.0,0.0,44.0,7.0,11.4,21.4,1.0,5.3,9.3
1181,Caoimhín Kelleher,ie IRL,GK,Liverpool,eng Premier League,26-070,1998.0,8,8,8,8,8,720,8.0,6.0,2.0,0.0,3.0,37.5,9.0,1.13,31.0,21.0,71.0,10.4,1.4,0.31,0.0,1.0,0.0,26.6,281.0,37.0,29.9,29.1,4.0,4.6,15.1
1201,Antonín Kinský,cz CZE,GK,Tottenham,eng Premier League,21-325,2003.0,3,3,3,3,3,270,3.0,0.0,0.0,3.0,0.0,0.0,7.0,2.33,13.0,8.0,46.2,3.7,-1.3,0.29,0.0,0.0,0.0,44.4,97.0,15.0,17.5,27.0,2.0,4.3,9.9
1209,Gregor Kobel,ch SUI,GK,Dortmund,de Bundesliga,27-057,1997.0,17,17,17,17,17,1530,17.0,6.0,5.0,6.0,3.0,17.6,29.0,1.71,70.0,41.0,62.9,26.8,-2.2,0.35,3.0,0.0,0.0,33.3,655.0,63.0,20.2,26.6,9.0,4.2,14.5
1211,Hervé Koffi,bf BFA,GK,Lens,fr Ligue 1,28-108,1996.0,3,3,3,3,3,270,3.0,1.0,0.0,2.0,0.0,0.0,4.0,1.33,15.0,11.0,80.0,6.9,2.9,0.43,1.0,0.0,0.0,47.8,60.0,12.0,31.7,33.8,2.0,7.4,10.4
1214,Philipp Köhn,ch SUI,GK,Monaco,fr Ligue 1,26-305,1998.0,10,10,10,10,10,900,10.0,6.0,3.0,1.0,4.0,40.0,10.0,1.0,33.0,23.0,72.7,8.1,-1.9,0.22,1.0,0.0,0.0,32.5,241.0,34.0,24.1,29.9,6.0,5.1,16.9
1240,Matej Kovar,cz CZE,GK,Leverkusen,de Bundesliga,24-260,2000.0,2,2,2,2,2,180,2.0,1.0,0.0,1.0,1.0,50.0,3.0,1.5,8.0,5.0,62.5,2.3,-0.7,0.29,0.0,0.0,0.0,40.0,57.0,4.0,22.8,30.1,1.0,5.6,18.9
1267,Nediljko Labrović,hr CRO,GK,Augsburg,de Bundesliga,25-114,1999.0,15,15,15,15,15,1350,15.0,4.0,4.0,7.0,2.0,13.3,32.0,2.13,74.0,42.0,60.8,25.9,-6.1,0.32,3.0,0.0,0.0,37.7,397.0,72.0,38.8,35.2,12.0,5.5,13.3
1270,Alban Lafont,fr FRA,GK,Nantes,fr Ligue 1,26-009,1999.0,12,12,12,12,12,1080,12.0,2.0,4.0,6.0,2.0,16.7,19.0,1.58,49.0,32.0,67.3,16.8,-0.2,0.3,3.0,0.0,0.0,28.0,309.0,56.0,34.0,34.9,16.0,8.0,10.6
1282,Gautier Larsonneur,fr FRA,GK,Saint-Étienne,fr Ligue 1,27-344,1997.0,19,19,19,19,19,1710,19.0,5.0,3.0,11.0,3.0,15.8,39.0,2.05,107.0,68.0,71.0,35.1,-2.9,0.27,8.0,1.0,0.0,26.5,605.0,87.0,38.0,34.7,15.0,5.1,13.6
1294,Nicola Leali,it ITA,GK,Genoa,it Serie A,31-350,1993.0,15,15,15,15,15,1350,15.0,5.0,6.0,4.0,7.0,46.7,15.0,1.0,62.0,47.0,79.0,19.9,5.9,0.29,2.0,1.0,0.0,45.1,384.0,61.0,33.6,31.8,9.0,3.9,8.2
1296,Benjamin Lecomte,fr FRA,GK,Montpellier,fr Ligue 1,33-281,1991.0,17,17,17,17,17,1530,17.0,3.0,3.0,11.0,0.0,0.0,38.0,2.24,98.0,62.0,65.3,34.8,-1.2,0.32,4.0,0.0,0.0,36.1,516.0,62.0,42.2,35.8,12.0,4.9,14.5
1309,Bernd Leno,de GER,GK,Fulham,eng Premier League,32-334,1992.0,23,23,23,23,23,2070,23.0,8.0,9.0,6.0,4.0,17.4,31.0,1.35,92.0,62.0,67.4,26.6,-3.4,0.28,1.0,0.0,0.0,33.0,769.0,90.0,20.9,28.3,18.0,6.2,13.1
1310,Donovan Léon,gf GUF,GK,Auxerre,fr Ligue 1,32-090,1992.0,17,17,17,17,17,1530,17.0,6.0,4.0,7.0,4.0,23.5,26.0,1.53,91.0,67.0,75.8,26.4,2.4,0.26,4.0,0.0,0.0,33.5,492.0,89.0,54.7,42.2,18.0,6.1,15.0
1345,Anthony Lopes,pt POR,GK,Nantes,fr Ligue 1,34-123,1990.0,4,4,4,4,4,360,4.0,0.0,4.0,0.0,0.0,0.0,5.0,1.25,15.0,10.0,66.7,4.7,-0.3,0.32,0.0,0.0,0.0,27.8,105.0,10.0,51.4,40.1,4.0,5.6,11.2
1351,Pau López,es ESP,GK,Girona,es La Liga,30-050,1994.0,1,1,1,1,0,45,0.5,0.0,0.0,0.0,0.0,,2.0,4.0,3.0,1.0,33.3,1.3,-0.7,0.44,0.0,0.0,0.0,44.4,17.0,2.0,35.3,35.8,3.0,17.6,9.8
1371,Joe Lumley,eng ENG,GK,Southampton,eng Premier League,29-352,1995.0,3,3,3,3,3,270,3.0,0.0,1.0,2.0,0.0,0.0,7.0,2.33,20.0,13.0,65.0,7.7,0.7,0.39,0.0,0.0,0.0,30.0,135.0,14.0,34.1,30.0,2.0,3.6,18.0
1373,Andriy Lunin,ua UKR,GK,Real Madrid,es La Liga,25-356,1999.0,3,3,3,3,3,270,3.0,2.0,0.0,1.0,2.0,66.7,4.0,1.33,8.0,4.0,50.0,2.8,-1.2,0.35,0.0,0.0,0.0,38.5,87.0,12.0,24.1,28.6,1.0,3.3,12.9
1400,Mike Maignan,fr FRA,GK,Milan,it Serie A,29-213,1995.0,21,21,21,21,21,1890,21.0,9.0,7.0,5.0,8.0,38.1,23.0,1.1,74.0,51.0,68.9,17.7,-4.3,0.23,0.0,1.0,0.0,38.0,755.0,89.0,16.2,26.9,15.0,6.0,17.7
1404,Radosław Majecki,pl POL,GK,Monaco,fr Ligue 1,25-077,1999.0,9,9,9,9,9,810,9.0,4.0,1.0,4.0,2.0,22.2,12.0,1.33,35.0,23.0,68.6,11.2,-0.8,0.31,1.0,0.0,0.0,24.3,202.0,43.0,27.2,30.7,10.0,10.5,14.6
1419,Giorgi Mamardashvili,ge GEO,GK,Valencia,es La Liga,24-125,2000.0,17,17,17,17,17,1530,17.0,3.0,5.0,9.0,4.0,23.5,30.0,1.76,68.0,39.0,58.8,25.6,-2.4,0.34,2.0,1.0,0.0,30.7,427.0,63.0,38.2,36.3,8.0,3.6,15.8
1423,Steve Mandanda,fr FRA,GK,Rennes,fr Ligue 1,39-310,1985.0,16,16,16,16,16,1395,15.5,5.0,2.0,9.0,5.0,31.3,23.0,1.48,51.0,29.0,58.8,17.0,-4.0,0.29,2.0,1.0,0.0,34.1,408.0,60.0,34.8,33.1,7.0,4.1,15.6
1461,Emiliano Martínez,ar ARG,GK,Aston Villa,eng Premier League,32-152,1992.0,23,23,23,23,23,2025,22.5,10.0,7.0,6.0,3.0,13.0,34.0,1.51,91.0,56.0,63.7,31.4,-2.6,0.33,1.0,1.0,0.0,43.2,746.0,78.0,25.1,29.9,36.0,11.3,12.9
1507,Alex McCarthy,eng ENG,GK,Southampton,eng Premier League,35-060,1989.0,5,5,5,5,5,450,5.0,0.0,0.0,5.0,0.0,0.0,13.0,2.6,37.0,24.0,70.3,12.6,-0.4,0.29,2.0,0.0,0.0,46.2,132.0,29.0,33.3,29.5,8.0,10.8,6.5
1532,Alex Meret,it ITA,GK,Napoli,it Serie A,27-316,1997.0,19,19,19,19,19,1655,18.4,14.0,2.0,3.0,9.0,47.4,14.0,0.76,51.0,36.0,74.5,15.9,1.9,0.28,1.0,1.0,1.0,40.0,492.0,69.0,15.2,27.3,15.0,7.5,15.6
1541,Alexander Meyer,de GER,GK,Dortmund,de Bundesliga,33-294,1991.0,2,2,2,2,2,180,2.0,1.0,0.0,1.0,0.0,0.0,4.0,2.0,11.0,7.0,63.6,4.0,0.0,0.36,0.0,0.0,0.0,24.2,76.0,3.0,35.5,34.8,1.0,4.2,14.8
1550,Vanja Milinković-Savić,rs SRB,GK,Torino,it Serie A,27-347,1997.0,21,21,21,21,21,1890,21.0,6.0,8.0,7.0,7.0,33.3,23.0,1.1,98.0,74.0,76.5,26.3,4.3,0.26,0.0,2.0,0.0,30.7,760.0,106.0,36.4,35.9,17.0,5.1,13.3
1585,Lorenzo Montipò,it ITA,GK,Hellas Verona,it Serie A,28-347,1996.0,21,21,21,21,21,1890,21.0,6.0,2.0,13.0,3.0,14.3,47.0,2.24,107.0,61.0,57.0,32.7,-13.3,0.3,1.0,0.0,1.0,27.0,435.0,59.0,55.2,41.9,18.0,5.7,10.8
1617,Florian Müller,de GER,GK,Freiburg,de Bundesliga,27-080,1997.0,3,3,3,3,3,270,3.0,1.0,0.0,2.0,0.0,0.0,7.0,2.33,12.0,5.0,58.3,5.9,-1.1,0.39,2.0,0.0,0.0,27.4,106.0,9.0,46.2,37.2,0.0,0.0,12.5
1618,Kevin Müller,de GER,GK,Heidenheim,de Bundesliga,33-323,1991.0,19,19,19,19,19,1710,19.0,4.0,2.0,13.0,5.0,26.3,40.0,2.11,104.0,64.0,65.4,35.2,-4.8,0.31,4.0,0.0,0.0,36.1,571.0,96.0,31.7,33.8,8.0,3.2,12.4
1628,Arijanet Muric,xk KVX,GK,Ipswich Town,eng Premier League,26-086,1998.0,17,17,17,17,17,1530,17.0,2.0,6.0,9.0,1.0,5.9,31.0,1.82,96.0,65.0,70.8,31.0,0.0,0.3,3.0,0.0,0.0,34.1,496.0,93.0,30.0,30.6,37.0,15.5,12.1
1636,Juan Musso,ar ARG,GK,Atalanta,it Serie A,30-271,1994.0,1,1,1,1,1,90,1.0,1.0,0.0,0.0,1.0,100.0,0.0,0.0,4.0,4.0,100.0,0.7,0.7,0.19,0.0,0.0,0.0,20.0,19.0,4.0,36.8,33.1,0.0,0.0,17.5
1637,Juan Musso,ar ARG,GK,Atlético Madrid,es La Liga,30-271,1994.0,1,1,1,1,1,90,1.0,1.0,0.0,0.0,1.0,100.0,0.0,0.0,1.0,1.0,100.0,0.1,0.1,0.08,0.0,0.0,0.0,0.0,17.0,5.0,17.6,26.6,1.0,10.0,13.5
1674,Neto,br BRA,GK,Bournemouth,eng Premier League,35-197,1989.0,2,2,2,2,2,180,2.0,0.0,2.0,0.0,0.0,0.0,2.0,1.0,13.0,11.0,84.6,4.3,2.3,0.35,0.0,0.0,0.0,33.3,46.0,7.0,43.5,36.8,2.0,6.7,12.6
1677,Manuel Neuer,de GER,GK,Bayern Munich,de Bundesliga,38-311,1986.0,15,15,15,15,15,1350,15.0,12.0,3.0,0.0,8.0,53.3,11.0,0.73,25.0,14.0,60.0,8.8,-2.2,0.32,1.0,0.0,1.0,47.6,612.0,59.0,15.7,26.0,3.0,3.1,21.5
1690,Moritz Nicolas,de GER,GK,Gladbach,de Bundesliga,27-103,1997.0,16,16,16,16,16,1440,16.0,7.0,3.0,6.0,4.0,25.0,23.0,1.44,81.0,59.0,77.8,27.4,5.4,0.3,5.0,0.0,0.0,47.6,634.0,75.0,21.9,27.6,13.0,4.5,13.0
1709,Alexander Nübel,de GER,GK,Stuttgart,de Bundesliga,28-124,1996.0,19,19,19,19,19,1710,19.0,9.0,5.0,5.0,4.0,21.1,28.0,1.47,78.0,49.0,65.4,23.6,-4.4,0.29,1.0,1.0,0.0,37.5,719.0,86.0,28.5,30.1,8.0,3.5,16.8
1715,Ørjan Nyland,no NOR,GK,Sevilla,es La Liga,34-144,1990.0,14,14,14,14,14,1233,13.7,5.0,5.0,4.0,3.0,21.4,18.0,1.31,53.0,36.0,69.8,15.8,-1.2,0.27,2.0,0.0,0.0,24.9,396.0,44.0,41.7,36.1,11.0,5.9,13.6
1725,Jan Oblak,si SVN,GK,Atlético Madrid,es La Liga,32-025,1993.0,20,20,20,20,20,1800,20.0,12.0,6.0,2.0,9.0,45.0,14.0,0.7,57.0,45.0,78.9,11.2,-0.8,0.17,2.0,0.0,0.0,34.7,373.0,99.0,23.1,30.0,11.0,4.4,14.2
1738,Maduka Okoye,ng NGA,GK,Udinese,it Serie A,25-157,1999.0,14,14,14,14,14,1260,14.0,5.0,2.0,7.0,3.0,21.4,21.0,1.5,60.0,42.0,71.7,20.2,2.2,0.29,4.0,0.0,1.0,43.0,447.0,40.0,30.9,30.6,11.0,5.9,12.9
1748,Robin Olsen,se SWE,GK,Aston Villa,eng Premier League,35-024,1990.0,1,1,1,1,0,45,0.5,0.0,0.0,0.0,0.0,,1.0,2.0,3.0,2.0,66.7,1.1,0.1,0.37,0.0,0.0,0.0,16.7,19.0,0.0,21.1,26.5,0.0,0.0,8.3
1751,Jonas Omlin,ch SUI,GK,Gladbach,de Bundesliga,31-022,1994.0,3,3,3,3,3,270,3.0,1.0,0.0,2.0,1.0,33.3,6.0,2.0,21.0,14.0,71.4,6.0,0.0,0.25,0.0,1.0,0.0,51.1,135.0,10.0,28.1,30.2,0.0,0.0,17.8
1755,André Onana,cm CMR,GK,Manchester Utd,eng Premier League,28-305,1996.0,23,23,23,23,23,2070,23.0,8.0,5.0,10.0,7.0,30.4,32.0,1.39,89.0,57.0,67.4,33.2,2.2,0.34,3.0,1.0,0.0,26.9,829.0,96.0,27.9,29.3,15.0,6.0,11.5
1772,Stefan Ortega,de GER,GK,Manchester City,eng Premier League,32-087,1992.0,8,8,8,8,8,720,8.0,3.0,3.0,2.0,2.0,25.0,10.0,1.25,34.0,24.0,73.5,10.4,0.4,0.31,1.0,0.0,0.0,50.0,258.0,34.0,17.8,24.8,2.0,2.3,17.2
1788,Jesús Owono,gq EQG,GK,Alavés,es La Liga,23-337,2001.0,4,4,4,4,3,307,3.4,1.0,1.0,1.0,0.0,0.0,5.0,1.47,7.0,2.0,42.9,3.3,-1.7,0.36,1.0,0.0,0.0,45.0,92.0,8.0,58.7,43.6,4.0,8.0,8.6
1797,Alex Padilla,es ESP,GK,Athletic Club,es La Liga,21-153,2003.0,5,5,5,5,3,321,3.6,0.0,1.0,2.0,0.0,0.0,6.0,1.68,17.0,12.0,70.6,4.8,-0.2,0.26,1.0,0.0,0.0,34.6,98.0,15.0,58.2,41.5,2.0,3.5,13.4
1802,Alberto Paleari,it ITA,GK,Torino,it Serie A,32-156,1992.0,1,1,1,1,1,90,1.0,0.0,0.0,1.0,0.0,0.0,3.0,3.0,7.0,4.0,57.1,2.2,-0.8,0.32,0.0,0.0,0.0,66.7,26.0,5.0,34.6,31.0,0.0,0.0,27.3
1842,Iñaki Peña,es ESP,GK,Barcelona,es La Liga,25-336,1999.0,15,15,15,15,14,1306,14.5,6.0,3.0,5.0,3.0,21.4,18.0,1.24,52.0,34.0,69.2,16.6,-1.4,0.29,2.0,0.0,0.0,28.0,511.0,74.0,11.0,25.0,3.0,2.2,23.8
1852,Daniel Peretz,il ISR,GK,Bayern Munich,de Bundesliga,24-206,2000.0,3,3,3,3,3,270,3.0,2.0,0.0,1.0,0.0,0.0,5.0,1.67,7.0,2.0,28.6,4.0,-1.0,0.58,0.0,0.0,0.0,20.0,96.0,5.0,25.0,29.5,0.0,0.0,21.2
1859,Simone Perilli,it ITA,GK,Hellas Verona,it Serie A,30-025,1995.0,1,1,1,1,1,90,1.0,0.0,0.0,1.0,0.0,0.0,1.0,1.0,6.0,5.0,83.3,2.0,1.0,0.34,0.0,0.0,0.0,18.8,17.0,2.0,64.7,48.8,1.0,5.6,22.3
1860,Mattia Perin,it ITA,GK,Juventus,it Serie A,32-083,1992.0,5,5,5,5,5,450,5.0,2.0,3.0,0.0,3.0,60.0,3.0,0.6,16.0,13.0,81.3,3.7,0.7,0.23,0.0,0.0,0.0,25.0,170.0,30.0,22.4,29.4,3.0,6.0,14.0
1862,Lucas Perri,br BRA,GK,Lyon,fr Ligue 1,27-053,1997.0,19,19,19,19,19,1710,19.0,8.0,6.0,5.0,7.0,36.8,23.0,1.21,95.0,72.0,76.8,27.5,4.5,0.29,1.0,0.0,0.0,32.5,486.0,100.0,33.1,32.4,18.0,6.9,14.8
1868,Đorđe Petrović,rs SRB,GK,Strasbourg,fr Ligue 1,25-116,1999.0,16,16,16,16,16,1440,16.0,6.0,5.0,5.0,3.0,18.8,25.0,1.56,82.0,58.0,74.4,27.4,4.4,0.29,4.0,1.0,0.0,35.6,729.0,53.0,26.1,29.8,17.0,6.5,16.2
1870,Luca Philipp,de GER,GK,Hoffenheim,de Bundesliga,24-065,2000.0,1,1,1,1,1,90,1.0,0.0,1.0,0.0,0.0,0.0,2.0,2.0,7.0,5.0,85.7,3.1,1.1,0.33,1.0,0.0,0.0,75.0,22.0,7.0,18.2,27.8,1.0,12.5,9.3
1878,Jordan Pickford,eng ENG,GK,Everton,eng Premier League,30-331,1994.0,22,22,22,22,22,1980,22.0,5.0,8.0,9.0,8.0,36.4,28.0,1.27,94.0,64.0,70.2,30.0,2.0,0.31,0.0,2.0,0.0,37.4,758.0,96.0,52.8,41.3,18.0,5.6,16.2
1888,Semuel Pizzignacco,it ITA,GK,Monza,it Serie A,23-153,2001.0,3,3,3,3,3,270,3.0,0.0,2.0,1.0,1.0,33.3,2.0,0.67,7.0,5.0,71.4,1.6,-0.4,0.23,0.0,0.0,0.0,47.8,80.0,5.0,42.5,33.7,0.0,0.0,19.4
1896,Nick Pope,eng ENG,GK,Newcastle Utd,eng Premier League,32-288,1992.0,15,15,15,15,15,1350,15.0,5.0,5.0,5.0,3.0,20.0,21.0,1.4,73.0,53.0,71.2,21.6,1.6,0.3,0.0,0.0,0.0,24.8,329.0,100.0,28.6,31.7,21.0,9.6,14.9
1908,Ivan Provedel,it ITA,GK,Lazio,it Serie A,30-321,1994.0,22,22,22,22,22,1980,22.0,12.0,3.0,7.0,5.0,22.7,30.0,1.36,67.0,38.0,59.7,22.6,-6.4,0.31,3.0,0.0,0.0,38.4,733.0,74.0,31.0,33.4,24.0,8.6,14.2
1919,Hákon Rafn Valdimarsson,is ISL,GK,Brentford,eng Premier League,23-111,2001.0,1,1,1,1,0,55,0.6,0.0,0.0,0.0,1.0,,0.0,0.0,2.0,2.0,100.0,0.1,0.1,0.07,0.0,0.0,0.0,30.0,21.0,3.0,47.6,39.1,2.0,22.2,5.2
1926,Aaron Ramsdale,eng ENG,GK,Southampton,eng Premier League,26-263,1998.0,15,15,15,15,15,1350,15.0,1.0,2.0,12.0,2.0,13.3,33.0,2.2,94.0,61.0,67.0,30.4,-2.6,0.32,2.0,0.0,0.0,32.3,559.0,74.0,39.0,33.7,15.0,7.4,12.1
1937,Federico Ravaglia,it ITA,GK,Bologna,it Serie A,25-082,1999.0,7,7,7,7,7,630,7.0,4.0,2.0,1.0,3.0,42.9,7.0,1.0,14.0,7.0,50.0,5.6,-1.4,0.4,0.0,0.0,0.0,35.0,253.0,33.0,26.9,30.6,11.0,15.9,11.5
1939,David Raya,es ESP,GK,Arsenal,eng Premier League,29-139,1995.0,23,23,23,23,23,2070,23.0,13.0,8.0,2.0,8.0,34.8,21.0,0.91,77.0,56.0,75.3,20.7,-0.3,0.25,2.0,0.0,0.0,34.2,740.0,99.0,34.1,31.6,33.0,13.1,15.9
1947,Pepe Reina,es ESP,GK,Como,it Serie A,42-154,1982.0,10,10,10,10,10,900,10.0,2.0,4.0,4.0,2.0,20.0,12.0,1.2,35.0,23.0,68.6,9.7,-2.3,0.26,1.0,0.0,0.0,37.9,285.0,35.0,33.7,32.2,2.0,1.5,12.2
1950,Álex Remiro,es ESP,GK,Real Sociedad,es La Liga,29-314,1995.0,21,21,21,21,21,1890,21.0,8.0,4.0,9.0,11.0,52.4,17.0,0.81,66.0,49.0,80.3,18.0,1.0,0.23,4.0,0.0,0.0,42.7,587.0,63.0,31.2,32.7,13.0,4.9,14.1
1952,Guillaume Restes,fr FRA,GK,Toulouse,fr Ligue 1,19-327,2005.0,19,19,19,19,19,1691,18.8,7.0,4.0,8.0,7.0,36.8,21.0,1.12,55.0,35.0,61.8,16.5,-2.5,0.29,0.0,1.0,0.0,28.2,459.0,55.0,28.1,29.1,4.0,1.7,16.0
1993,Leo Román,es ESP,GK,Mallorca,es La Liga,24-210,2000.0,5,5,5,5,5,450,5.0,2.0,1.0,2.0,2.0,40.0,7.0,1.4,25.0,18.0,76.0,8.5,1.5,0.31,1.0,0.0,0.0,36.3,140.0,12.0,52.1,41.4,4.0,5.3,12.0
2020,Gerónimo Rulli,ar ARG,GK,Marseille,fr Ligue 1,32-257,1992.0,19,19,19,19,19,1710,19.0,11.0,4.0,4.0,3.0,15.8,23.0,1.21,85.0,60.0,72.9,25.0,3.0,0.29,0.0,3.0,0.0,37.9,639.0,89.0,16.6,25.1,14.0,7.0,18.3
2022,Mathew Ryan,au AUS,GK,Lens,fr Ligue 1,32-299,1992.0,2,2,2,2,2,180,2.0,2.0,0.0,0.0,2.0,100.0,0.0,0.0,2.0,2.0,100.0,0.4,0.4,0.21,0.0,0.0,0.0,26.9,50.0,10.0,36.0,34.6,4.0,14.8,9.6
2024,Frederik Rønnow,dk DEN,GK,Union Berlin,de Bundesliga,32-181,1992.0,14,14,14,14,14,1260,14.0,4.0,5.0,5.0,4.0,28.6,15.0,1.07,52.0,35.0,73.1,18.6,3.6,0.31,1.0,2.0,0.0,36.7,398.0,76.0,33.9,33.2,22.0,11.1,12.2
2025,José Sá,pt POR,GK,Wolves,eng Premier League,32-015,1993.0,16,16,16,16,16,1440,16.0,4.0,3.0,9.0,3.0,18.8,35.0,2.19,76.0,42.0,57.9,27.5,-5.5,0.33,3.0,1.0,0.0,23.2,440.0,66.0,42.0,36.6,17.0,6.4,16.3
2037,Matvei Safonov,ru RUS,GK,Paris S-G,fr Ligue 1,25-342,1999.0,5,5,5,5,4,429,4.8,3.0,1.0,0.0,2.0,50.0,4.0,0.84,13.0,9.0,84.6,3.9,-0.1,0.18,2.0,0.0,0.0,37.0,149.0,23.0,27.5,29.9,1.0,2.2,20.1
2059,Brice Samba,fr FRA,GK,Rennes,fr Ligue 1,30-282,1994.0,3,3,3,3,3,270,3.0,0.0,0.0,3.0,0.0,0.0,7.0,2.33,19.0,12.0,63.2,7.1,0.1,0.38,0.0,0.0,0.0,29.0,93.0,12.0,21.5,30.9,0.0,0.0,16.4
2060,Brice Samba,fr FRA,GK,Lens,fr Ligue 1,30-282,1994.0,15,15,15,15,15,1350,15.0,6.0,6.0,3.0,7.0,46.7,14.0,0.93,54.0,40.0,81.5,17.5,3.5,0.26,4.0,0.0,0.0,50.3,435.0,61.0,29.7,30.5,17.0,11.2,16.1
2072,Robert Sánchez,es ESP,GK,Chelsea,eng Premier League,27-075,1997.0,21,21,21,21,21,1890,21.0,10.0,7.0,4.0,4.0,19.0,27.0,1.29,97.0,69.0,76.3,27.7,0.7,0.25,4.0,1.0,0.0,23.7,801.0,128.0,29.2,31.4,29.0,13.7,15.3
2086,Kauã Santos,br BRA,GK,Eint Frankfurt,de Bundesliga,21-296,2003.0,5,5,5,5,4,405,4.5,2.0,1.0,1.0,1.0,25.0,9.0,2.0,30.0,22.0,73.3,8.0,0.0,0.24,1.0,0.0,0.0,24.5,145.0,23.0,29.0,30.9,9.0,11.7,13.6
2095,Razvan Sava,ro ROU,GK,Udinese,it Serie A,22-225,2002.0,8,8,8,8,8,720,8.0,2.0,3.0,3.0,2.0,25.0,13.0,1.62,39.0,28.0,74.4,11.1,0.1,0.22,3.0,0.0,0.0,28.0,226.0,21.0,35.0,32.3,2.0,1.4,14.8
2117,Alexander Schwolow,de GER,GK,Union Berlin,de Bundesliga,32-244,1992.0,5,5,5,5,5,450,5.0,1.0,0.0,4.0,0.0,0.0,12.0,2.4,24.0,12.0,54.2,8.2,-3.8,0.32,1.0,0.0,0.0,47.2,133.0,23.0,29.3,29.9,0.0,0.0,15.0
2120,Simone Scuffet,it ITA,GK,Cagliari,it Serie A,28-246,1996.0,13,13,13,13,13,1170,13.0,3.0,3.0,7.0,1.0,7.7,23.0,1.77,56.0,33.0,67.9,20.4,-2.6,0.28,5.0,0.0,0.0,39.2,305.0,50.0,42.0,35.5,6.0,3.2,11.8
2123,Jacopo Seghetti,it ITA,GK,Empoli,it Serie A,19-350,2005.0,1,1,1,1,1,90,1.0,0.0,0.0,1.0,0.0,0.0,3.0,3.0,6.0,3.0,50.0,1.9,-1.1,0.31,0.0,0.0,0.0,33.3,16.0,5.0,37.5,33.8,0.0,0.0,26.0
2127,Matz Sels,be BEL,GK,Nott'ham Forest,eng Premier League,32-341,1992.0,23,23,23,23,23,2070,23.0,13.0,5.0,5.0,9.0,39.1,27.0,1.17,96.0,69.0,72.9,27.7,0.7,0.29,1.0,0.0,0.0,37.3,432.0,45.0,70.4,45.6,16.0,3.9,7.0
2140,Alen Sherri,al ALB,GK,Cagliari,it Serie A,27-048,1997.0,6,6,6,6,6,540,6.0,1.0,2.0,3.0,1.0,16.7,9.0,1.5,25.0,16.0,64.0,8.6,-0.4,0.35,0.0,0.0,0.0,37.3,150.0,20.0,32.7,30.9,4.0,6.3,12.5
2154,Rui Silva,pt POR,GK,Betis,es La Liga,30-360,1994.0,15,15,15,15,15,1350,15.0,5.0,5.0,5.0,4.0,26.7,18.0,1.2,54.0,37.0,72.2,18.4,1.4,0.3,3.0,0.0,0.0,31.3,446.0,70.0,26.0,30.8,10.0,5.2,18.9
2160,Unai Simón,es ESP,GK,Athletic Club,es La Liga,27-235,1997.0,4,4,4,4,4,360,4.0,2.0,2.0,0.0,1.0,25.0,3.0,0.75,9.0,6.0,66.7,3.7,0.7,0.42,0.0,0.0,0.0,25.0,107.0,20.0,30.8,32.2,1.0,2.1,18.0
2172,Antonio Sivera,es ESP,GK,Alavés,es La Liga,28-174,1996.0,18,18,18,18,18,1583,17.6,4.0,5.0,9.0,3.0,16.7,28.0,1.59,76.0,49.0,71.1,27.5,0.5,0.31,6.0,0.0,0.0,41.4,430.0,49.0,67.0,46.3,19.0,7.9,12.9
2177,Łukasz Skorupski,pl POL,GK,Bologna,it Serie A,33-272,1991.0,14,14,14,14,14,1260,14.0,4.0,8.0,2.0,3.0,21.4,20.0,1.43,46.0,27.0,58.7,16.3,-1.7,0.32,1.0,1.0,0.0,40.3,484.0,66.0,30.8,32.5,10.0,7.0,10.5
2196,Yann Sommer,ch SUI,GK,Inter,it Serie A,36-046,1988.0,21,21,21,21,21,1890,21.0,15.0,5.0,1.0,11.0,52.4,18.0,0.86,66.0,48.0,74.2,17.8,0.8,0.25,1.0,1.0,0.0,45.7,733.0,85.0,16.5,26.5,11.0,4.9,12.9
2197,David Soria,es ESP,GK,Getafe,es La Liga,31-303,1993.0,21,21,21,21,21,1890,21.0,5.0,8.0,8.0,6.0,28.6,17.0,0.81,63.0,45.0,77.8,21.1,4.1,0.29,3.0,1.0,0.0,38.7,371.0,41.0,66.8,46.7,11.0,4.4,13.6
2198,Juan Soriano,es ESP,GK,Leganés,es La Liga,27-162,1997.0,6,6,6,6,6,540,6.0,1.0,2.0,3.0,1.0,16.7,7.0,1.17,25.0,19.0,72.0,8.8,2.8,0.36,0.0,0.0,0.0,30.0,131.0,20.0,56.5,43.9,7.0,5.4,8.4
2216,Filip Stankovic,rs SRB,GK,Venezia,it Serie A,22-342,2002.0,15,15,15,15,15,1350,15.0,2.0,6.0,7.0,0.0,0.0,23.0,1.53,83.0,60.0,77.1,25.2,3.2,0.26,4.0,1.0,0.0,30.2,432.0,50.0,29.4,31.6,12.0,4.9,10.8
2221,Jason Steele,eng ENG,GK,Brighton,eng Premier League,34-167,1990.0,2,2,2,2,2,180,2.0,2.0,0.0,0.0,1.0,50.0,1.0,0.5,4.0,3.0,75.0,0.5,-0.5,0.12,0.0,0.0,0.0,43.8,110.0,7.0,13.6,25.1,2.0,9.1,15.4
2234,Jakub Stolarczyk,pl POL,GK,Leicester City,eng Premier League,24-044,2000.0,6,6,6,6,6,540,6.0,1.0,0.0,5.0,0.0,0.0,12.0,2.0,29.0,17.0,58.6,10.9,-1.1,0.38,0.0,0.0,0.0,41.7,191.0,23.0,49.7,33.8,6.0,5.3,12.5
2250,Zion Suzuki,jp JPN,GK,Parma,it Serie A,22-164,2002.0,22,22,22,22,22,1964,21.8,4.0,8.0,10.0,2.0,9.5,37.0,1.76,100.0,64.0,67.0,36.4,0.4,0.34,4.0,0.0,0.0,26.8,755.0,113.0,39.6,36.7,36.0,9.9,10.6
2253,Mile Svilar,rs SRB,GK,Roma,it Serie A,25-158,1999.0,22,22,22,22,22,1980,22.0,8.0,6.0,8.0,6.0,27.3,28.0,1.27,97.0,70.0,75.3,29.0,2.0,0.26,4.0,0.0,0.0,29.8,723.0,105.0,22.7,29.5,14.0,5.1,14.9
2259,Wojciech Szczęsny,pl POL,GK,Barcelona,es La Liga,34-289,1990.0,1,1,1,1,1,90,1.0,1.0,0.0,0.0,0.0,0.0,1.0,1.0,2.0,1.0,50.0,0.8,-0.2,0.47,0.0,0.0,0.0,33.3,39.0,6.0,7.7,22.9,1.0,7.7,16.0
2290,Marc-André ter Stegen,de GER,GK,Barcelona,es La Liga,32-277,1992.0,6,6,6,6,6,494,5.5,6.0,0.0,0.0,1.0,16.7,5.0,0.91,15.0,10.0,73.3,4.6,-0.4,0.25,1.0,0.0,0.0,46.4,186.0,31.0,13.4,27.3,3.0,4.7,13.9
2292,Pietro Terracciano,it ITA,GK,Fiorentina,it Serie A,34-330,1990.0,3,3,3,3,3,270,3.0,0.0,3.0,0.0,1.0,33.3,3.0,1.0,13.0,10.0,76.9,3.1,0.1,0.24,0.0,0.0,0.0,32.0,78.0,14.0,28.2,28.8,1.0,5.0,17.0
2339,Kevin Trapp,de GER,GK,Eint Frankfurt,de Bundesliga,34-208,1990.0,15,15,15,15,15,1305,14.5,9.0,3.0,3.0,4.0,26.7,17.0,1.17,75.0,56.0,77.3,19.7,2.7,0.25,0.0,2.0,0.0,29.6,482.0,72.0,28.4,28.4,15.0,5.6,13.1
2340,Mark Travers,ie IRL,GK,Bournemouth,eng Premier League,25-259,1999.0,5,5,5,5,5,450,5.0,2.0,2.0,1.0,1.0,20.0,5.0,1.0,25.0,20.0,80.0,9.5,4.5,0.38,0.0,0.0,0.0,45.2,103.0,29.0,41.7,36.3,1.0,1.6,12.9
2351,Stefano Turati,it ITA,GK,Monza,it Serie A,23-149,2001.0,19,19,19,19,19,1710,19.0,2.0,5.0,12.0,1.0,5.3,31.0,1.63,85.0,52.0,65.9,30.0,-1.0,0.32,2.0,2.0,0.0,41.3,587.0,60.0,43.4,35.8,9.0,3.2,14.5
2359,Sven Ulreich,de GER,GK,Bayern Munich,de Bundesliga,36-182,1988.0,1,1,1,1,1,90,1.0,1.0,0.0,0.0,1.0,100.0,0.0,0.0,0.0,0.0,,0.0,0.0,,0.0,0.0,0.0,37.5,29.0,4.0,27.6,28.2,1.0,14.3,12.3
2380,Maarten Vandevoordt,be BEL,GK,RB Leipzig,de Bundesliga,22-341,2002.0,2,2,2,2,1,135,1.5,1.0,0.0,0.0,0.0,0.0,1.0,0.67,6.0,5.0,83.3,1.1,0.1,0.18,0.0,0.0,0.0,25.0,34.0,11.0,20.6,27.0,3.0,10.3,12.8
2384,Nikola Vasilj,ba BIH,GK,St. Pauli,de Bundesliga,29-061,1995.0,19,19,19,19,19,1710,19.0,6.0,2.0,11.0,7.0,36.8,21.0,1.11,81.0,58.0,74.1,25.9,4.9,0.3,0.0,2.0,0.0,33.6,675.0,72.0,35.3,33.1,15.0,5.5,13.1
2385,Devis Vásquez,co COL,GK,Empoli,it Serie A,26-265,1998.0,21,21,21,21,21,1890,21.0,4.0,9.0,8.0,5.0,23.8,26.0,1.24,80.0,53.0,68.8,24.4,-1.6,0.29,1.0,1.0,1.0,28.5,649.0,70.0,47.1,38.6,28.0,7.7,10.6
2400,Bart Verbruggen,nl NED,GK,Brighton,eng Premier League,22-167,2002.0,21,21,21,21,21,1890,21.0,6.0,10.0,5.0,4.0,19.0,30.0,1.43,83.0,54.0,69.9,28.6,-0.4,0.3,5.0,0.0,0.0,35.5,749.0,82.0,24.2,28.5,18.0,7.2,14.7
2408,Guglielmo Vicario,it ITA,GK,Tottenham,eng Premier League,28-117,1996.0,12,12,12,12,12,1080,12.0,6.0,1.0,5.0,3.0,25.0,13.0,1.08,41.0,28.0,68.3,15.9,2.9,0.39,0.0,0.0,0.0,32.3,423.0,69.0,6.6,20.8,19.0,13.0,14.1
2413,Fran Vieites,es ESP,GK,Betis,es La Liga,25-270,1999.0,4,4,4,4,4,360,4.0,1.0,2.0,1.0,0.0,0.0,5.0,1.25,11.0,6.0,54.5,4.7,-0.3,0.42,0.0,0.0,0.0,22.2,90.0,16.0,40.0,38.0,6.0,9.2,12.8
2416,Iván Villar,es ESP,GK,Celta Vigo,es La Liga,27-207,1997.0,4,4,4,4,4,360,4.0,2.0,0.0,2.0,0.0,0.0,9.0,2.25,18.0,10.0,50.0,8.2,1.2,0.4,0.0,1.0,0.0,13.6,82.0,15.0,14.6,24.0,1.0,1.5,14.8
2440,Christian Walton,eng ENG,GK,Ipswich Town,eng Premier League,29-084,1995.0,6,6,6,6,6,540,6.0,1.0,1.0,4.0,1.0,16.7,16.0,2.67,33.0,17.0,57.6,15.0,-1.0,0.41,2.0,0.0,0.0,35.2,176.0,27.0,45.5,35.2,11.0,10.5,7.6
2445,Danny Ward,wls WAL,GK,Leicester City,eng Premier League,31-224,1993.0,2,2,2,2,1,135,1.5,0.0,0.0,1.0,0.0,0.0,6.0,4.0,10.0,4.0,40.0,2.8,-3.2,0.28,0.0,0.0,0.0,45.5,46.0,9.0,37.0,32.0,0.0,0.0,20.7
2453,Timon Weiner,de GER,GK,Holstein Kiel,de Bundesliga,26-014,1999.0,19,19,19,19,19,1710,19.0,3.0,3.0,13.0,1.0,5.3,48.0,2.53,108.0,62.0,59.3,33.9,-12.1,0.29,4.0,0.0,0.0,37.6,582.0,76.0,42.1,35.3,20.0,5.5,11.4
2521,Robin Zentner,de GER,GK,Mainz 05,de Bundesliga,30-096,1994.0,20,20,20,20,20,1800,20.0,9.0,4.0,7.0,6.0,30.0,24.0,1.2,91.0,66.0,76.9,26.7,2.7,0.26,3.0,1.0,0.0,28.8,621.0,96.0,42.4,37.6,30.0,8.5,14.7
2527,Michael Zetterer,de GER,GK,Werder Bremen,de Bundesliga,29-204,1995.0,20,20,20,20,20,1800,20.0,8.0,6.0,6.0,4.0,20.0,36.0,1.8,89.0,56.0,59.6,29.7,-3.3,0.34,0.0,0.0,0.0,35.1,743.0,105.0,25.8,31.0,20.0,7.3,12.8
